{"cpu": {"rt": 473.62252945701283, "chem": 1564.5376779139042}, "cuda": {"rt": 22.344037890434265, "chem": 27.221977710723877}}